"client_id","district_id","total_inflow","total_outflow","transaction_count","loan_count","avg_loan_amount","total_loan_amount","order_count","total_order_amount","card_count"
0,0,0.0,0.0,0,0,0.0,0.0,5231,16435499.79999999,0
9,60,0.0,0.0,0,0,0.0,0.0,1,4880.0,1
19,47,0.0,0.0,0,0,0.0,0.0,1,3629.0,1
41,22,0.0,0.0,0,0,0.0,0.0,1,3892.0,1
42,68,0.0,0.0,0,0,0.0,0.0,3,8051.0,1
51,36,0.0,0.0,0,0,0.0,0.0,1,6589.0,1
56,21,0.0,0.0,0,0,0.0,0.0,2,7297.0,1
60,67,0.0,0.0,0,0,0.0,0.0,2,4131.0,1
76,36,0.0,0.0,0,0,0.0,0.0,3,7402.0,1
77,1,0.0,0.0,0,0,0.0,0.0,1,4471.3,1
79,37,0.0,0.0,0,0,0.0,0.0,4,3089.0,1
83,1,0.0,0.0,0,0,0.0,0.0,4,4359.0,1
87,72,0.0,0.0,0,0,0.0,0.0,1,6061.0,1
114,74,0.0,0.0,0,0,0.0,0.0,5,8160.1,1
116,74,0.0,0.0,0,0,0.0,0.0,5,12438.0,1
127,21,0.0,0.0,0,0,0.0,0.0,1,7348.0,1
128,63,0.0,0.0,0,0,0.0,0.0,1,3735.0,1
130,53,0.0,0.0,0,0,0.0,0.0,1,4803.0,1
132,36,0.0,0.0,0,0,0.0,0.0,3,7664.0,1
138,54,0.0,0.0,0,0,0.0,0.0,1,5110.0,1
158,40,0.0,0.0,0,0,0.0,0.0,1,7370.2,1
192,70,0.0,0.0,0,0,0.0,0.0,1,8694.0,1
208,13,0.0,0.0,0,0,0.0,0.0,1,4221.0,1
221,21,0.0,0.0,0,0,0.0,0.0,1,6780.0,1
225,32,0.0,0.0,0,0,0.0,0.0,1,6526.0,1
231,41,0.0,0.0,0,0,0.0,0.0,1,4420.9,1
236,70,0.0,0.0,0,0,0.0,0.0,1,6260.0,1
238,6,0.0,0.0,0,0,0.0,0.0,4,8626.0,1
254,28,0.0,0.0,0,0,0.0,0.0,1,2394.0,1
255,27,0.0,0.0,0,0,0.0,0.0,1,13841.0,1
256,73,0.0,0.0,0,0,0.0,0.0,1,5625.0,1
264,28,0.0,0.0,0,0,0.0,0.0,2,5324.0,1
267,37,0.0,0.0,0,0,0.0,0.0,1,3440.9,1
272,70,0.0,0.0,0,0,0.0,0.0,2,18040.0,1
273,27,0.0,0.0,0,0,0.0,0.0,1,9381.0,1
280,45,0.0,0.0,0,0,0.0,0.0,1,3643.0,1
295,12,0.0,0.0,0,0,0.0,0.0,3,2648.0,1
321,47,0.0,0.0,0,0,0.0,0.0,1,4975.2,1
326,27,0.0,0.0,0,0,0.0,0.0,1,5462.0,1
333,38,0.0,0.0,0,0,0.0,0.0,2,9682.5,1
334,32,0.0,0.0,0,0,0.0,0.0,1,2682.3,1
335,73,0.0,0.0,0,0,0.0,0.0,2,4038.0,1
339,1,0.0,0.0,0,0,0.0,0.0,1,5578.0,1
347,71,0.0,0.0,0,0,0.0,0.0,1,9848.0,1
358,7,0.0,0.0,0,0,0.0,0.0,4,6573.0,1
365,1,0.0,0.0,0,0,0.0,0.0,1,1628.0,1
370,71,0.0,0.0,0,0,0.0,0.0,2,6935.0,1
378,50,0.0,0.0,0,0,0.0,0.0,5,9300.0,1
402,3,0.0,0.0,0,0,0.0,0.0,2,3902.0,1
414,46,0.0,0.0,0,0,0.0,0.0,3,11936.2,1
434,70,0.0,0.0,0,0,0.0,0.0,1,4188.0,1
439,51,0.0,0.0,0,0,0.0,0.0,2,3329.0,1
447,23,0.0,0.0,0,0,0.0,0.0,1,6384.0,1
453,67,0.0,0.0,0,0,0.0,0.0,1,6452.0,1
464,24,0.0,0.0,0,0,0.0,0.0,1,2304.1,1
466,1,0.0,0.0,0,0,0.0,0.0,1,4711.0,1
469,59,0.0,0.0,0,0,0.0,0.0,1,6524.0,1
471,44,0.0,0.0,0,0,0.0,0.0,1,4977.0,1
473,1,0.0,0.0,0,0,0.0,0.0,2,7070.0,1
474,46,0.0,0.0,0,0,0.0,0.0,2,6222.0,1
483,1,0.0,0.0,0,0,0.0,0.0,2,9099.5,1
487,1,0.0,0.0,0,0,0.0,0.0,1,2401.0,1
489,41,0.0,0.0,0,0,0.0,0.0,2,5013.0,1
490,55,0.0,0.0,0,0,0.0,0.0,4,16047.0,1
493,41,0.0,0.0,0,0,0.0,0.0,1,5042.0,1
496,70,0.0,0.0,0,0,0.0,0.0,1,8499.0,1
497,74,0.0,0.0,0,0,0.0,0.0,1,8727.0,1
504,36,0.0,0.0,0,0,0.0,0.0,1,9316.0,1
510,12,0.0,0.0,0,0,0.0,0.0,1,4591.0,1
513,8,0.0,0.0,0,0,0.0,0.0,1,8166.0,1
519,18,0.0,0.0,0,0,0.0,0.0,2,7197.0,1
531,27,0.0,0.0,0,0,0.0,0.0,3,8279.0,1
537,1,0.0,0.0,0,0,0.0,0.0,1,6941.0,1
548,49,0.0,0.0,0,0,0.0,0.0,1,4783.1,1
562,49,0.0,0.0,0,0,0.0,0.0,2,4234.0,1
566,47,0.0,0.0,0,0,0.0,0.0,4,6081.0,1
575,58,0.0,0.0,0,0,0.0,0.0,1,8137.0,1
588,61,0.0,0.0,0,0,0.0,0.0,1,5608.0,1
590,44,0.0,0.0,0,0,0.0,0.0,1,9090.0,1
593,60,0.0,0.0,0,0,0.0,0.0,3,11564.6,1
597,55,0.0,0.0,0,0,0.0,0.0,1,3405.0,1
605,1,0.0,0.0,0,0,0.0,0.0,2,8921.0,1
608,67,0.0,0.0,0,0,0.0,0.0,4,4120.0,1
615,68,0.0,0.0,0,0,0.0,0.0,1,9449.0,1
626,9,0.0,0.0,0,0,0.0,0.0,1,4234.0,1
646,34,0.0,0.0,0,0,0.0,0.0,1,1848.0,1
652,61,0.0,0.0,0,0,0.0,0.0,3,8728.0,1
655,32,0.0,0.0,0,0,0.0,0.0,1,3798.2,1
662,5,0.0,0.0,0,0,0.0,0.0,2,4091.0,1
688,1,0.0,0.0,0,0,0.0,0.0,1,2249.0,1
694,29,0.0,0.0,0,0,0.0,0.0,1,5120.0,1
707,1,0.0,0.0,0,0,0.0,0.0,1,5746.0,1
716,1,0.0,0.0,0,0,0.0,0.0,1,7781.0,1
719,46,0.0,0.0,0,0,0.0,0.0,1,5952.0,1
722,62,0.0,0.0,0,0,0.0,0.0,1,4361.0,1
725,75,0.0,0.0,0,0,0.0,0.0,2,8211.0,1
742,1,0.0,0.0,0,0,0.0,0.0,2,3782.0,1
769,40,0.0,0.0,0,0,0.0,0.0,1,3330.0,1
778,13,0.0,0.0,0,0,0.0,0.0,1,9240.0,1
786,53,0.0,0.0,0,0,0.0,0.0,4,4469.0,1
791,68,0.0,0.0,0,0,0.0,0.0,2,6572.0,1
797,8,0.0,0.0,0,0,0.0,0.0,1,4149.0,1
798,27,0.0,0.0,0,0,0.0,0.0,4,8218.0,1
808,31,0.0,0.0,0,0,0.0,0.0,1,4586.0,1
810,58,0.0,0.0,0,0,0.0,0.0,2,8062.0,1
816,17,0.0,0.0,0,0,0.0,0.0,1,4853.0,1
819,74,0.0,0.0,0,0,0.0,0.0,1,8578.0,1
822,37,0.0,0.0,0,0,0.0,0.0,1,3847.2,1
826,1,0.0,0.0,0,0,0.0,0.0,5,10257.2,1
834,54,0.0,0.0,0,0,0.0,0.0,2,1579.0,1
859,1,0.0,0.0,0,0,0.0,0.0,1,6561.0,1
861,1,0.0,0.0,0,0,0.0,0.0,4,20301.0,1
886,34,0.0,0.0,0,0,0.0,0.0,3,4723.0,1
887,66,0.0,0.0,0,0,0.0,0.0,1,5504.0,1
900,73,0.0,0.0,0,0,0.0,0.0,1,6615.0,1
907,51,0.0,0.0,0,0,0.0,0.0,2,3099.0,1
928,66,0.0,0.0,0,0,0.0,0.0,3,3483.0,1
946,54,65874.6,0.0,8,8,208128.0,1665024.0,8,34686.4,1
963,64,0.0,0.0,0,0,0.0,0.0,2,3024.0,1
967,76,0.0,0.0,0,0,0.0,0.0,1,12579.0,1
992,19,0.0,0.0,0,0,0.0,0.0,2,13658.0,1
996,1,0.0,0.0,0,0,0.0,0.0,1,8852.0,1
1011,16,0.0,0.0,0,0,0.0,0.0,1,4254.0,1
1018,53,0.0,0.0,0,0,0.0,0.0,2,14171.0,1
1019,14,0.0,0.0,0,0,0.0,0.0,1,9651.0,1
1020,72,0.0,0.0,0,0,0.0,0.0,1,7795.5,1
1027,1,0.0,0.0,0,0,0.0,0.0,2,6051.0,1
1030,1,0.0,0.0,0,0,0.0,0.0,1,6608.0,1
1031,2,0.0,0.0,0,0,0.0,0.0,4,5737.0,1
1039,70,0.0,0.0,0,0,0.0,0.0,1,3122.0,1
1040,1,0.0,0.0,0,0,0.0,0.0,2,10520.3,1
1049,1,0.0,0.0,0,0,0.0,0.0,1,5168.0,1
1056,1,0.0,0.0,0,0,0.0,0.0,2,3628.0,1
1057,52,0.0,0.0,0,0,0.0,0.0,1,3943.0,1
1059,26,0.0,0.0,0,0,0.0,0.0,2,6530.1,1
1062,16,0.0,0.0,0,0,0.0,0.0,1,3306.0,1
1066,1,0.0,0.0,0,0,0.0,0.0,2,3292.0,1
1067,1,0.0,0.0,0,0,0.0,0.0,1,9034.0,1
1080,54,0.0,0.0,0,0,0.0,0.0,2,9586.0,1
1098,60,0.0,0.0,0,0,0.0,0.0,2,10568.0,1
1133,37,0.0,0.0,0,0,0.0,0.0,1,4738.0,1
1140,18,0.0,0.0,0,0,0.0,0.0,1,8215.0,1
1146,54,0.0,0.0,0,0,0.0,0.0,1,8910.0,1
1157,4,0.0,0.0,0,0,0.0,0.0,2,9091.0,1
1165,15,0.0,0.0,0,0,0.0,0.0,1,6824.0,1
1169,18,0.0,0.0,0,0,0.0,0.0,1,5260.0,1
1179,1,0.0,0.0,0,0,0.0,0.0,1,2062.0,1
1182,66,0.0,0.0,0,0,0.0,0.0,2,3838.0,1
1194,17,0.0,0.0,0,0,0.0,0.0,1,7538.0,1
1197,6,0.0,0.0,0,0,0.0,0.0,1,1812.3,1
1202,47,0.0,0.0,0,0,0.0,0.0,1,7641.0,1
1213,1,0.0,0.0,0,0,0.0,0.0,1,7521.0,1
1220,40,0.0,0.0,0,0,0.0,0.0,2,4774.0,1
1223,14,0.0,0.0,0,0,0.0,0.0,3,9364.0,1
1231,20,0.0,0.0,0,0,0.0,0.0,2,8434.0,1
1242,73,0.0,0.0,0,0,0.0,0.0,2,7136.0,1
1243,11,0.0,0.0,0,0,0.0,0.0,1,4095.0,1
1244,1,0.0,0.0,0,0,0.0,0.0,4,3221.0,1
1251,1,0.0,0.0,0,0,0.0,0.0,1,6433.0,1
1253,14,0.0,0.0,0,0,0.0,0.0,2,3068.0,1
1271,47,0.0,0.0,0,0,0.0,0.0,2,5169.0,1
1280,34,0.0,0.0,0,0,0.0,0.0,1,7811.0,1
1289,59,0.0,0.0,0,0,0.0,0.0,1,1416.0,1
1296,55,0.0,0.0,0,0,0.0,0.0,1,6185.0,1
1310,41,0.0,0.0,0,0,0.0,0.0,1,5664.0,1
1316,67,0.0,0.0,0,0,0.0,0.0,4,9125.0,1
1322,4,0.0,0.0,0,0,0.0,0.0,1,7553.0,1
1329,26,0.0,0.0,0,0,0.0,0.0,2,2366.0,1
1339,22,0.0,0.0,0,0,0.0,0.0,1,8086.0,1
1353,27,0.0,0.0,0,0,0.0,0.0,1,6260.0,1
1378,74,0.0,0.0,0,0,0.0,0.0,2,4821.0,1
1384,40,0.0,0.0,0,0,0.0,0.0,1,3263.0,1
1388,5,0.0,0.0,0,0,0.0,0.0,1,3475.0,1
1396,39,0.0,0.0,0,0,0.0,0.0,2,3658.0,1
1418,41,0.0,0.0,0,0,0.0,0.0,1,5639.0,1
1424,8,0.0,0.0,0,0,0.0,0.0,1,1662.7,1
1440,1,0.0,0.0,0,0,0.0,0.0,1,3171.0,1
1445,68,0.0,0.0,0,0,0.0,0.0,1,2582.0,1
1452,72,0.0,0.0,0,0,0.0,0.0,4,4161.0,1
1453,29,0.0,0.0,0,0,0.0,0.0,2,7146.0,1
1459,4,0.0,0.0,0,0,0.0,0.0,2,6552.0,1
1473,1,0.0,0.0,0,0,0.0,0.0,1,2770.0,1
1483,1,0.0,0.0,0,0,0.0,0.0,1,3213.4,1
1512,5,0.0,0.0,0,0,0.0,0.0,2,9195.0,1
1517,66,0.0,0.0,0,0,0.0,0.0,1,4387.0,1
1522,52,0.0,0.0,0,0,0.0,0.0,1,9222.0,1
1525,1,0.0,0.0,0,0,0.0,0.0,1,6605.0,1
1529,43,0.0,0.0,0,0,0.0,0.0,4,4831.0,1
1536,37,0.0,0.0,0,0,0.0,0.0,1,3863.0,1
1578,40,0.0,0.0,0,0,0.0,0.0,1,2368.9,1
1583,1,0.0,0.0,0,0,0.0,0.0,2,12799.0,1
1589,48,0.0,0.0,0,0,0.0,0.0,1,6889.0,1
1607,8,0.0,0.0,0,0,0.0,0.0,1,3249.8,1
1616,54,0.0,0.0,0,0,0.0,0.0,2,6411.0,1
1629,28,0.0,0.0,0,0,0.0,0.0,2,4142.0,1
1668,20,0.0,0.0,0,0,0.0,0.0,4,5874.0,1
1669,47,0.0,0.0,0,0,0.0,0.0,1,6953.0,1
1690,46,0.0,0.0,0,0,0.0,0.0,1,14707.0,1
1691,21,0.0,0.0,0,0,0.0,0.0,1,8319.0,1
1718,75,0.0,0.0,0,0,0.0,0.0,1,7394.0,1
1754,57,0.0,0.0,0,0,0.0,0.0,1,4877.0,1
1758,35,0.0,0.0,0,0,0.0,0.0,2,3140.0,1
1759,63,0.0,0.0,0,0,0.0,0.0,1,3103.0,1
1762,61,0.0,0.0,0,0,0.0,0.0,2,8070.8,1
1765,9,0.0,0.0,0,0,0.0,0.0,1,1250.8,1
1779,37,0.0,0.0,0,0,0.0,0.0,1,6814.0,1
1791,5,0.0,0.0,0,0,0.0,0.0,1,11931.0,1
1793,41,0.0,0.0,0,0,0.0,0.0,1,3425.2,1
1795,38,0.0,0.0,0,0,0.0,0.0,3,4788.0,1
1799,36,0.0,0.0,0,0,0.0,0.0,3,7303.0,1
1800,63,0.0,0.0,0,0,0.0,0.0,3,8118.0,1
1807,47,0.0,0.0,0,0,0.0,0.0,1,6966.0,1
1812,36,0.0,0.0,0,0,0.0,0.0,2,3729.0,1
1819,43,0.0,0.0,0,0,0.0,0.0,1,4119.0,1
1826,13,0.0,0.0,0,0,0.0,0.0,1,6619.0,1
1831,51,0.0,0.0,0,0,0.0,0.0,1,1657.7,1
1833,30,0.0,0.0,0,0,0.0,0.0,4,7549.0,1
1836,36,0.0,0.0,0,0,0.0,0.0,3,5219.0,1
1842,9,0.0,0.0,0,0,0.0,0.0,1,3443.0,1
1850,52,0.0,0.0,0,0,0.0,0.0,1,4433.0,1
1861,29,0.0,0.0,0,0,0.0,0.0,1,2757.0,1
1864,22,0.0,0.0,0,0,0.0,0.0,1,10288.0,1
1883,18,0.0,0.0,0,0,0.0,0.0,2,6284.0,1
1885,47,0.0,0.0,0,0,0.0,0.0,1,6551.0,1
1886,34,0.0,0.0,0,0,0.0,0.0,1,3263.0,1
1890,14,0.0,0.0,0,0,0.0,0.0,1,8004.0,1
1899,10,0.0,0.0,0,0,0.0,0.0,3,9935.0,1
1900,23,0.0,0.0,0,0,0.0,0.0,4,7103.0,1
1912,57,0.0,0.0,0,0,0.0,0.0,1,3377.0,1
1914,39,0.0,0.0,0,0,0.0,0.0,1,5758.0,1
1929,65,0.0,0.0,0,0,0.0,0.0,3,7859.0,1
1930,38,0.0,0.0,0,0,0.0,0.0,2,1837.0,1
1938,57,0.0,0.0,0,0,0.0,0.0,2,5341.0,1
1946,72,0.0,0.0,0,0,0.0,0.0,1,3353.0,1
2013,1,0.0,0.0,0,0,0.0,0.0,1,2372.6,1
2015,1,0.0,0.0,0,0,0.0,0.0,1,9626.0,1
2038,1,0.0,0.0,0,0,0.0,0.0,2,4730.0,1
2045,28,0.0,0.0,0,0,0.0,0.0,1,7968.0,1
2058,76,0.0,0.0,0,0,0.0,0.0,1,14658.0,1
2063,68,0.0,0.0,0,0,0.0,0.0,2,13585.0,1
2065,64,0.0,0.0,0,0,0.0,0.0,1,6765.0,1
2074,24,0.0,0.0,0,0,0.0,0.0,1,3227.0,1
2102,51,0.0,0.0,0,0,0.0,0.0,1,8050.0,1
2104,37,0.0,0.0,0,0,0.0,0.0,1,9431.0,1
2121,64,0.0,0.0,0,0,0.0,0.0,2,14238.8,1
2122,1,0.0,0.0,0,0,0.0,0.0,2,9545.0,1
2128,38,0.0,0.0,0,0,0.0,0.0,1,6307.0,1
2133,53,0.0,0.0,0,0,0.0,0.0,2,1709.0,1
2137,73,0.0,0.0,0,0,0.0,0.0,2,6685.0,1
2138,68,0.0,0.0,0,0,0.0,0.0,1,5270.0,1
2141,28,0.0,0.0,0,0,0.0,0.0,5,7336.0,1
2146,65,0.0,0.0,0,0,0.0,0.0,1,8351.0,1
2154,60,0.0,0.0,0,0,0.0,0.0,3,4315.0,1
2155,15,0.0,0.0,0,0,0.0,0.0,1,3432.0,1
2156,33,0.0,0.0,0,0,0.0,0.0,3,4314.0,1
2157,11,0.0,0.0,0,0,0.0,0.0,1,5429.0,1
2164,47,0.0,0.0,0,0,0.0,0.0,1,8818.0,1
2175,53,0.0,0.0,0,0,0.0,0.0,1,3850.0,1
2177,24,0.0,0.0,0,0,0.0,0.0,2,7850.0,1
2184,24,0.0,0.0,0,0,0.0,0.0,2,2303.0,1
2203,10,0.0,0.0,0,0,0.0,0.0,1,9131.0,1
2214,5,0.0,0.0,0,0,0.0,0.0,1,9921.0,1
2226,74,0.0,0.0,0,0,0.0,0.0,2,7369.0,1
2232,36,0.0,0.0,0,0,0.0,0.0,2,3099.0,1
2235,14,518804.39999999985,0.0,64,64,105804.0,6771456.0,64,317846.4000000004,1
2259,19,0.0,0.0,0,0,0.0,0.0,1,6601.7,1
2267,1,0.0,0.0,0,0,0.0,0.0,1,1054.0,1
2277,1,0.0,0.0,0,0,0.0,0.0,3,11762.0,1
2308,27,0.0,0.0,0,0,0.0,0.0,1,7114.0,1
2312,11,0.0,0.0,0,0,0.0,0.0,2,2138.0,1
2320,60,0.0,0.0,0,0,0.0,0.0,2,3187.0,1
2324,27,0.0,0.0,0,0,0.0,0.0,2,3335.0,1
2329,18,0.0,0.0,0,0,0.0,0.0,2,4887.0,1
2335,66,0.0,0.0,0,0,0.0,0.0,1,1962.0,1
2343,1,0.0,0.0,0,0,0.0,0.0,1,2027.0,1
2361,9,0.0,0.0,0,0,0.0,0.0,4,9357.0,1
2363,43,0.0,0.0,0,0,0.0,0.0,1,6741.0,1
2388,42,0.0,0.0,0,0,0.0,0.0,1,3175.0,1
2395,8,0.0,0.0,0,0,0.0,0.0,2,3690.0,1
2401,26,0.0,0.0,0,0,0.0,0.0,2,5565.0,1
2423,42,0.0,0.0,0,0,0.0,0.0,4,4729.0,1
2425,6,0.0,0.0,0,0,0.0,0.0,1,2395.6,1
2429,70,0.0,0.0,0,0,0.0,0.0,2,6454.0,1
2430,5,0.0,0.0,0,0,0.0,0.0,4,8227.0,1
2431,75,0.0,0.0,0,0,0.0,0.0,1,12524.0,1
2434,42,0.0,0.0,0,0,0.0,0.0,1,5472.0,1
2440,17,0.0,0.0,0,0,0.0,0.0,2,4263.0,1
2469,54,0.0,0.0,0,0,0.0,0.0,1,8744.0,1
2476,75,0.0,0.0,0,0,0.0,0.0,1,5262.0,1
2481,6,0.0,0.0,0,0,0.0,0.0,2,9278.0,1
2488,9,0.0,0.0,0,0,0.0,0.0,4,9704.0,1
2489,64,0.0,0.0,0,0,0.0,0.0,1,4898.2,1
2490,61,0.0,0.0,0,0,0.0,0.0,4,6412.0,1
2493,1,0.0,0.0,0,0,0.0,0.0,3,8738.0,1
2496,1,0.0,0.0,0,0,0.0,0.0,4,5414.0,1
2501,70,0.0,0.0,0,0,0.0,0.0,3,10425.5,1
2502,1,0.0,0.0,0,0,0.0,0.0,1,1542.0,1
2508,72,0.0,0.0,0,0,0.0,0.0,4,4933.0,1
2513,41,0.0,0.0,0,0,0.0,0.0,1,6746.0,1
2522,74,0.0,0.0,0,0,0.0,0.0,2,19589.0,1
2527,44,0.0,0.0,0,0,0.0,0.0,1,4554.0,1
2548,48,0.0,0.0,0,0,0.0,0.0,1,6927.0,1
2555,42,0.0,0.0,0,0,0.0,0.0,1,4619.9,1
2560,70,0.0,0.0,0,0,0.0,0.0,3,12413.8,1
2562,42,0.0,0.0,0,0,0.0,0.0,1,9871.0,1
2585,75,0.0,0.0,0,0,0.0,0.0,1,9788.0,1
2592,1,0.0,0.0,0,0,0.0,0.0,2,9249.0,1
2606,31,0.0,0.0,0,0,0.0,0.0,4,19392.5,1
2609,1,0.0,0.0,0,0,0.0,0.0,1,9921.0,1
2616,50,0.0,0.0,0,0,0.0,0.0,1,8468.0,1
2619,63,0.0,0.0,0,0,0.0,0.0,1,7552.0,1
2623,16,400.0,0.0,2,2,170256.0,340512.0,2,13016.0,1
2626,1,0.0,0.0,0,0,0.0,0.0,3,12317.0,1
2644,6,0.0,0.0,0,0,0.0,0.0,1,3165.0,1
2650,75,0.0,0.0,0,0,0.0,0.0,3,4956.0,1
2659,46,0.0,0.0,0,0,0.0,0.0,1,8524.0,1
2662,1,0.0,0.0,0,0,0.0,0.0,1,397.0,1
2686,19,0.0,0.0,0,0,0.0,0.0,1,3034.0,1
2688,60,0.0,0.0,0,0,0.0,0.0,1,4103.8,1
2698,31,0.0,0.0,0,0,0.0,0.0,2,17259.7,1
2709,26,0.0,0.0,0,0,0.0,0.0,3,7087.0,1
2713,36,0.0,0.0,0,0,0.0,0.0,1,2324.2,1
2715,7,0.0,0.0,0,0,0.0,0.0,1,5538.0,1
2724,35,0.0,0.0,0,0,0.0,0.0,1,4182.0,1
2739,13,0.0,0.0,0,0,0.0,0.0,1,6395.0,1
2740,36,0.0,0.0,0,0,0.0,0.0,1,7927.0,1
2759,2,0.0,0.0,0,0,0.0,0.0,1,6556.3,1
2762,29,0.0,0.0,0,0,0.0,0.0,1,4704.0,1
2768,1,0.0,0.0,0,0,0.0,0.0,1,6275.0,1
2779,29,0.0,0.0,0,0,0.0,0.0,1,3531.0,1
2782,31,0.0,0.0,0,0,0.0,0.0,1,4550.0,1
2785,22,0.0,0.0,0,0,0.0,0.0,1,6907.0,1
2796,15,0.0,0.0,0,0,0.0,0.0,1,5259.0,1
2808,8,0.0,0.0,0,0,0.0,0.0,1,1158.0,1
2815,35,0.0,0.0,0,0,0.0,0.0,1,1846.0,1
2820,77,0.0,0.0,0,0,0.0,0.0,1,3919.0,1
2841,18,0.0,0.0,0,0,0.0,0.0,3,9166.2,1
2845,7,0.0,0.0,0,0,0.0,0.0,1,9071.0,1
2864,51,0.0,0.0,0,0,0.0,0.0,1,9747.0,1
2865,15,0.0,0.0,0,0,0.0,0.0,5,21785.3,1
2880,60,0.0,0.0,0,0,0.0,0.0,1,1305.0,1
2910,76,0.0,0.0,0,0,0.0,0.0,1,5028.0,1
2911,45,0.0,0.0,0,0,0.0,0.0,1,3410.0,1
2924,18,0.0,0.0,0,0,0.0,0.0,3,2127.0,1
2929,1,0.0,0.0,0,0,0.0,0.0,1,14138.0,1
2948,47,0.0,0.0,0,0,0.0,0.0,3,5994.0,1
2951,76,0.0,0.0,0,0,0.0,0.0,1,2931.6,1
2958,48,0.0,0.0,0,0,0.0,0.0,2,9370.0,1
2971,1,0.0,0.0,0,0,0.0,0.0,1,435.0,1
2977,39,0.0,0.0,0,0,0.0,0.0,2,3770.0,1
2978,33,0.0,0.0,0,0,0.0,0.0,1,5332.0,1
2982,6,0.0,0.0,0,0,0.0,0.0,4,5192.0,1
2984,60,0.0,0.0,0,0,0.0,0.0,2,5342.0,1
2995,35,0.0,0.0,0,0,0.0,0.0,1,3022.0,1
2998,1,0.0,0.0,0,0,0.0,0.0,2,9922.0,1
3019,30,0.0,0.0,0,0,0.0,0.0,3,4411.0,1
3023,16,0.0,0.0,0,0,0.0,0.0,1,5513.0,1
3026,22,0.0,0.0,0,0,0.0,0.0,1,10076.0,1
3036,16,0.0,0.0,0,0,0.0,0.0,1,4001.0,1
3056,38,0.0,0.0,0,0,0.0,0.0,1,12133.0,1
3063,27,0.0,0.0,0,0,0.0,0.0,1,13540.0,1
3075,74,0.0,0.0,0,0,0.0,0.0,1,5492.0,1
3079,67,0.0,0.0,0,0,0.0,0.0,4,7347.0,1
3082,52,0.0,0.0,0,0,0.0,0.0,1,7035.0,1
3084,23,0.0,0.0,0,0,0.0,0.0,1,7607.0,1
3085,62,0.0,0.0,0,0,0.0,0.0,2,7725.0,1
3092,59,0.0,0.0,0,0,0.0,0.0,1,7764.0,1
3115,72,0.0,0.0,0,0,0.0,0.0,1,4769.0,1
3116,28,0.0,0.0,0,0,0.0,0.0,2,3129.0,1
3124,5,0.0,0.0,0,0,0.0,0.0,1,6509.0,1
3130,19,0.0,0.0,0,0,0.0,0.0,3,12607.0,1
3136,1,0.0,0.0,0,0,0.0,0.0,1,4379.0,1
3166,31,0.0,0.0,0,0,0.0,0.0,1,10744.0,1
3167,48,0.0,0.0,0,0,0.0,0.0,2,6900.0,1
3183,70,0.0,0.0,0,0,0.0,0.0,1,5194.0,1
3184,5,0.0,0.0,0,0,0.0,0.0,3,6284.0,1
3186,1,0.0,0.0,0,0,0.0,0.0,1,8872.0,1
3187,7,0.0,0.0,0,0,0.0,0.0,1,5126.0,1
3192,6,0.0,0.0,0,0,0.0,0.0,4,10065.8,1
3197,1,0.0,0.0,0,0,0.0,0.0,2,14454.9,1
3201,66,0.0,0.0,0,0,0.0,0.0,2,8590.0,1
3225,13,0.0,0.0,0,0,0.0,0.0,2,8732.0,1
3233,1,0.0,0.0,0,0,0.0,0.0,1,3793.0,1
3236,28,0.0,0.0,0,0,0.0,0.0,2,6222.0,1
3245,70,0.0,0.0,0,0,0.0,0.0,2,4848.0,1
3249,17,0.0,0.0,0,0,0.0,0.0,1,5852.0,1
3253,70,0.0,0.0,0,0,0.0,0.0,1,3923.0,1
3257,73,0.0,0.0,0,0,0.0,0.0,3,9221.0,1
3259,71,0.0,0.0,0,0,0.0,0.0,2,6250.0,1
3260,74,0.0,0.0,0,0,0.0,0.0,2,3566.0,1
3267,61,0.0,0.0,0,0,0.0,0.0,2,5578.0,1
3279,66,0.0,0.0,0,0,0.0,0.0,2,8445.0,1
3291,52,0.0,0.0,0,0,0.0,0.0,4,5658.0,1
3292,18,0.0,0.0,0,0,0.0,0.0,1,5297.0,1
3297,1,0.0,0.0,0,0,0.0,0.0,1,5044.0,1
3310,23,0.0,0.0,0,0,0.0,0.0,2,5006.0,1
3319,1,0.0,0.0,0,0,0.0,0.0,1,14520.0,1
3333,10,0.0,0.0,0,0,0.0,0.0,2,9845.0,1
3337,53,0.0,0.0,0,0,0.0,0.0,2,3406.0,1
3339,31,0.0,0.0,0,0,0.0,0.0,1,3498.0,1
3348,38,0.0,0.0,0,0,0.0,0.0,4,3603.0,1
3356,73,0.0,0.0,0,0,0.0,0.0,4,8311.0,1
3378,5,0.0,0.0,0,0,0.0,0.0,2,8672.0,1
3382,54,0.0,0.0,0,0,0.0,0.0,3,8406.0,1
3384,41,0.0,0.0,0,0,0.0,0.0,1,8740.0,1
3387,58,0.0,0.0,0,0,0.0,0.0,1,1904.0,1
3395,4,0.0,0.0,0,0,0.0,0.0,2,16564.9,1
3405,40,0.0,0.0,0,0,0.0,0.0,2,10141.0,1
3414,11,0.0,0.0,0,0,0.0,0.0,2,8130.0,1
3415,54,0.0,0.0,0,0,0.0,0.0,1,5284.0,1
3425,70,0.0,0.0,0,0,0.0,0.0,4,7579.0,1
3427,42,0.0,0.0,0,0,0.0,0.0,1,9472.0,1
3439,62,0.0,0.0,0,0,0.0,0.0,1,6559.0,1
3448,1,0.0,0.0,0,0,0.0,0.0,1,4186.0,1
3458,33,0.0,0.0,0,0,0.0,0.0,2,7099.0,1
3465,30,0.0,0.0,0,0,0.0,0.0,1,7523.0,1
3477,37,0.0,0.0,0,0,0.0,0.0,1,5305.0,1
3501,51,0.0,0.0,0,0,0.0,0.0,1,5751.0,1
3504,40,0.0,0.0,0,0,0.0,0.0,1,7503.0,1
3515,61,0.0,0.0,0,0,0.0,0.0,1,3207.0,1
3517,68,0.0,0.0,0,0,0.0,0.0,3,21725.3,1
3519,74,0.0,0.0,0,0,0.0,0.0,1,6336.0,1
3535,37,0.0,0.0,0,0,0.0,0.0,1,2025.0,1
3567,1,0.0,0.0,0,0,0.0,0.0,3,4943.0,1
3568,1,0.0,0.0,0,0,0.0,0.0,1,8306.0,1
3577,31,0.0,0.0,0,0,0.0,0.0,1,5101.0,1
3581,33,0.0,0.0,0,0,0.0,0.0,1,4560.0,1
3583,15,0.0,0.0,0,0,0.0,0.0,2,3678.0,1
3589,73,0.0,0.0,0,0,0.0,0.0,1,3554.8,1
3590,23,0.0,0.0,0,0,0.0,0.0,2,4585.0,1
3601,19,0.0,0.0,0,0,0.0,0.0,5,11994.0,1
3606,63,0.0,0.0,0,0,0.0,0.0,3,5724.0,1
3611,30,0.0,0.0,0,0,0.0,0.0,2,2726.0,1
3616,77,0.0,0.0,0,0,0.0,0.0,2,4571.0,1
3620,21,0.0,0.0,0,0,0.0,0.0,3,3201.0,1
3638,49,0.0,0.0,0,0,0.0,0.0,1,2601.0,1
3640,75,0.0,0.0,0,0,0.0,0.0,1,4187.0,1
3667,70,0.0,0.0,0,0,0.0,0.0,2,12443.0,1
3687,49,860244.3999999999,0.0,36,36,82896.0,2984256.0,36,151051.5,1
3689,9,0.0,0.0,0,0,0.0,0.0,3,4911.0,1
3699,1,0.0,0.0,0,0,0.0,0.0,3,3720.0,1
3713,41,0.0,0.0,0,0,0.0,0.0,2,9390.0,1
3721,64,0.0,0.0,0,0,0.0,0.0,1,3698.0,1
3733,1,0.0,0.0,0,0,0.0,0.0,1,5022.0,1
3735,18,0.0,0.0,0,0,0.0,0.0,1,5866.0,1
3751,33,0.0,0.0,0,0,0.0,0.0,1,6722.0,1
3753,1,0.0,0.0,0,0,0.0,0.0,3,14408.0,1
3763,38,0.0,0.0,0,0,0.0,0.0,3,5619.3,1
3765,45,0.0,0.0,0,0,0.0,0.0,4,12766.0,1
3769,54,0.0,0.0,0,0,0.0,0.0,1,9037.0,1
3779,6,0.0,0.0,0,0,0.0,0.0,3,5336.0,1
3782,1,0.0,0.0,0,0,0.0,0.0,1,7334.0,1
3787,21,0.0,0.0,0,0,0.0,0.0,1,9131.0,1
3811,6,0.0,0.0,0,0,0.0,0.0,2,4444.0,1
3813,2,0.0,0.0,0,0,0.0,0.0,2,5176.0,1
3821,22,0.0,0.0,0,0,0.0,0.0,1,8364.0,1
3824,41,0.0,0.0,0,0,0.0,0.0,4,12705.7,1
3829,59,1000.0,0.0,1,1,177744.0,177744.0,1,3702.8,1
3850,45,0.0,0.0,0,0,0.0,0.0,2,8445.0,1
3858,18,0.0,0.0,0,0,0.0,0.0,2,3790.0,1
3883,18,0.0,0.0,0,0,0.0,0.0,1,7388.0,1
3885,70,0.0,0.0,0,0,0.0,0.0,4,2322.0,1
3890,3,0.0,0.0,0,0,0.0,0.0,3,11297.3,1
3893,1,0.0,0.0,0,0,0.0,0.0,1,8811.0,1
3894,29,0.0,0.0,0,0,0.0,0.0,1,1882.0,1
3896,5,0.0,0.0,0,0,0.0,0.0,2,2186.0,1
3906,64,0.0,0.0,0,0,0.0,0.0,3,16491.2,1
3913,8,0.0,0.0,0,0,0.0,0.0,1,6149.0,1
3943,1,0.0,0.0,0,0,0.0,0.0,2,2262.0,1
3944,8,0.0,0.0,0,0,0.0,0.0,2,8502.0,1
3947,23,0.0,0.0,0,0,0.0,0.0,1,8340.0,1
3958,37,0.0,0.0,0,0,0.0,0.0,1,1951.3,1
3959,30,0.0,0.0,0,0,0.0,0.0,1,7806.0,1
3970,46,0.0,0.0,0,0,0.0,0.0,1,11462.0,1
3984,1,0.0,0.0,0,0,0.0,0.0,5,11745.7,1
3985,75,0.0,0.0,0,0,0.0,0.0,1,6369.0,1
3987,67,0.0,0.0,0,0,0.0,0.0,2,14339.0,1
3992,71,0.0,0.0,0,0,0.0,0.0,2,14418.5,1
3994,21,0.0,0.0,0,0,0.0,0.0,3,2005.0,1
4018,3,0.0,0.0,0,0,0.0,0.0,2,4617.0,1
4061,8,0.0,0.0,0,0,0.0,0.0,1,2038.0,1
4069,68,0.0,0.0,0,0,0.0,0.0,2,5572.0,1
4078,23,0.0,0.0,0,0,0.0,0.0,1,9838.0,1
4083,74,0.0,0.0,0,0,0.0,0.0,1,3240.0,1
4100,74,0.0,0.0,0,0,0.0,0.0,3,7515.0,1
4112,38,0.0,0.0,0,0,0.0,0.0,1,4247.0,1
4116,36,0.0,0.0,0,0,0.0,0.0,1,7543.0,1
4137,21,0.0,0.0,0,0,0.0,0.0,1,9212.0,1
4157,1,0.0,0.0,0,0,0.0,0.0,2,7239.0,1
4167,6,0.0,0.0,0,0,0.0,0.0,1,12659.0,1
4188,1,0.0,0.0,0,0,0.0,0.0,1,4543.0,1
4190,17,0.0,0.0,0,0,0.0,0.0,5,5836.0,1
4194,63,0.0,0.0,0,0,0.0,0.0,2,6292.0,1
4201,3,0.0,0.0,0,0,0.0,0.0,2,6307.0,1
4211,22,0.0,0.0,0,0,0.0,0.0,1,6634.0,1
4212,53,0.0,0.0,0,0,0.0,0.0,2,5827.0,1
4230,74,0.0,0.0,0,0,0.0,0.0,1,5258.0,1
4235,9,0.0,0.0,0,0,0.0,0.0,2,3257.0,1
4258,44,0.0,0.0,0,0,0.0,0.0,1,3414.0,1
4265,59,0.0,0.0,0,0,0.0,0.0,2,6264.0,1
4293,4,0.0,0.0,0,0,0.0,0.0,3,4963.0,1
4295,18,0.0,0.0,0,0,0.0,0.0,1,4418.0,1
4316,1,0.0,0.0,0,0,0.0,0.0,1,4051.0,1
4318,43,0.0,0.0,0,0,0.0,0.0,2,3765.0,1
4333,1,0.0,0.0,0,0,0.0,0.0,1,4261.0,1
4340,1,0.0,0.0,0,0,0.0,0.0,2,6516.7,1
4341,76,0.0,0.0,0,0,0.0,0.0,1,6435.0,1
4343,27,0.0,0.0,0,0,0.0,0.0,1,1537.0,1
4353,28,0.0,0.0,0,0,0.0,0.0,2,6366.0,1
4360,19,0.0,0.0,0,0,0.0,0.0,4,8563.7,1
4376,70,0.0,0.0,0,0,0.0,0.0,3,3323.0,1
4380,1,0.0,0.0,0,0,0.0,0.0,1,3407.0,1
4382,18,0.0,0.0,0,0,0.0,0.0,2,7836.0,1
4405,47,0.0,0.0,0,0,0.0,0.0,1,6946.0,1
4416,67,0.0,0.0,0,0,0.0,0.0,1,7862.0,1
4417,1,0.0,0.0,0,0,0.0,0.0,1,5658.0,1
4426,26,0.0,0.0,0,0,0.0,0.0,2,5345.0,1
4429,64,0.0,0.0,0,0,0.0,0.0,1,7824.0,1
4437,70,0.0,0.0,0,0,0.0,0.0,1,7797.0,1
4457,1,0.0,0.0,0,0,0.0,0.0,2,4714.0,1
4472,74,0.0,0.0,0,0,0.0,0.0,4,7625.0,1
4473,1,0.0,0.0,0,0,0.0,0.0,1,4633.0,1
4479,2,0.0,0.0,0,0,0.0,0.0,4,4233.0,1
4492,16,0.0,0.0,0,0,0.0,0.0,1,2597.0,1
4493,33,0.0,0.0,0,0,0.0,0.0,1,7642.0,1
4495,66,0.0,0.0,0,0,0.0,0.0,3,8464.0,1
4504,33,0.0,0.0,0,0,0.0,0.0,1,11123.0,1
4507,1,0.0,0.0,0,0,0.0,0.0,2,7475.0,1
4516,1,0.0,0.0,0,0,0.0,0.0,4,7510.0,1
4518,39,0.0,0.0,0,0,0.0,0.0,2,12310.0,1
4522,68,0.0,0.0,0,0,0.0,0.0,1,3904.0,1
4532,39,0.0,0.0,0,0,0.0,0.0,1,9023.0,1
4533,64,0.0,0.0,0,0,0.0,0.0,4,6952.0,1
4534,38,0.0,0.0,0,0,0.0,0.0,1,4009.0,1
4543,1,0.0,0.0,0,0,0.0,0.0,2,4536.0,1
4546,23,0.0,0.0,0,0,0.0,0.0,1,9060.0,1
4553,1,0.0,0.0,0,0,0.0,0.0,2,7000.0,1
4555,52,0.0,0.0,0,0,0.0,0.0,2,4550.0,1
4559,35,0.0,0.0,0,0,0.0,0.0,1,7701.0,1
4560,9,0.0,0.0,0,0,0.0,0.0,3,13951.0,1
4587,36,0.0,0.0,0,0,0.0,0.0,3,5712.0,1
4588,53,0.0,0.0,0,0,0.0,0.0,1,4828.0,1
4592,1,0.0,0.0,0,0,0.0,0.0,1,2515.0,1
4627,1,0.0,0.0,0,0,0.0,0.0,1,3072.1,1
4638,33,0.0,0.0,0,0,0.0,0.0,3,6390.0,1
4639,20,0.0,0.0,0,0,0.0,0.0,1,7241.0,1
4654,2,0.0,0.0,0,0,0.0,0.0,1,4227.0,1
4663,72,0.0,0.0,0,0,0.0,0.0,2,7608.5,1
4674,59,0.0,0.0,0,0,0.0,0.0,1,3711.0,1
4699,13,0.0,0.0,0,0,0.0,0.0,1,5350.0,1
4701,22,0.0,0.0,0,0,0.0,0.0,1,3069.0,1
4715,15,0.0,0.0,0,0,0.0,0.0,3,9609.0,1
4721,65,0.0,0.0,0,0,0.0,0.0,1,9510.0,1
4723,1,0.0,0.0,0,0,0.0,0.0,4,6256.0,1
4725,34,0.0,0.0,0,0,0.0,0.0,1,3521.0,1
4749,57,0.0,0.0,0,0,0.0,0.0,1,3869.0,1
4763,77,0.0,0.0,0,0,0.0,0.0,4,5273.0,1
4765,48,0.0,0.0,0,0,0.0,0.0,2,8140.0,1
4772,6,0.0,0.0,0,0,0.0,0.0,2,6927.0,1
4789,24,0.0,0.0,0,0,0.0,0.0,1,8957.0,1
4791,51,0.0,0.0,0,0,0.0,0.0,2,9024.0,1
4821,35,0.0,0.0,0,0,0.0,0.0,3,7701.0,1
4833,30,0.0,0.0,0,0,0.0,0.0,2,7772.0,1
4901,72,0.0,0.0,0,0,0.0,0.0,3,17363.5,1
4937,54,0.0,0.0,0,0,0.0,0.0,4,4499.0,1
4974,5,0.0,0.0,0,0,0.0,0.0,3,8190.1,1
5002,65,0.0,0.0,0,0,0.0,0.0,4,6023.0,1
5117,52,0.0,0.0,0,0,0.0,0.0,2,6197.0,1
5126,43,0.0,0.0,0,0,0.0,0.0,2,11469.2,1
5200,33,0.0,0.0,0,0,0.0,0.0,2,18005.6,1
5223,2,0.0,0.0,0,0,0.0,0.0,2,12872.0,1
5224,29,0.0,0.0,0,0,0.0,0.0,1,2142.0,1
5232,74,0.0,0.0,0,0,0.0,0.0,2,10307.0,1
5243,2,0.0,0.0,0,0,0.0,0.0,2,4216.0,1
5245,38,0.0,0.0,0,0,0.0,0.0,2,18217.3,1
5249,5,0.0,0.0,0,0,0.0,0.0,1,2542.0,1
5275,28,0.0,0.0,0,0,0.0,0.0,1,4788.3,1
5333,39,0.0,0.0,0,0,0.0,0.0,3,7343.0,1
5366,60,22324.0,0.0,4,4,192744.0,770976.0,4,21414.0,1
5376,14,0.0,0.0,0,0,0.0,0.0,1,5353.5,1
5433,50,0.0,0.0,0,0,0.0,0.0,1,2819.8,1
5461,9,0.0,0.0,0,0,0.0,0.0,1,2156.0,1
5468,68,0.0,0.0,0,0,0.0,0.0,2,12732.5,1
5521,9,0.0,0.0,0,0,0.0,0.0,2,10407.8,1
5526,27,0.0,0.0,0,0,0.0,0.0,2,5412.0,1
5563,1,0.0,0.0,0,0,0.0,0.0,2,15038.7,1
5579,77,0.0,0.0,0,0,0.0,0.0,1,3647.0,1
5684,8,0.0,0.0,0,0,0.0,0.0,1,4049.0,1
5727,54,0.0,0.0,0,0,0.0,0.0,1,3413.0,1
5873,5,0.0,0.0,0,0,0.0,0.0,3,15676.3,1
5911,14,78155.1,0.0,6,6,117024.0,702144.0,6,29254.8,1
5978,33,0.0,0.0,0,0,0.0,0.0,1,6039.8,1
6039,1,0.0,0.0,0,0,0.0,0.0,3,17943.5,1
6178,1,40000.0,0.0,6,6,323472.0,1940832.0,6,29240.100000000002,1
6196,68,0.0,0.0,0,0,0.0,0.0,4,9366.0,1
6255,54,0.0,0.0,0,0,0.0,0.0,1,4897.0,1
6275,13,0.0,0.0,0,0,0.0,0.0,2,14557.5,1
6299,1,0.0,0.0,0,0,0.0,0.0,1,6687.0,1
6301,55,231616.99999999997,0.0,30,30,14628.0,438840.0,30,46668.0,1
6567,5,1554855.6,0.0,160,160,174744.0,27959040.0,160,739132.0000000013,1
6610,57,0.0,0.0,0,0,0.0,0.0,2,13621.3,1
6644,1,0.0,0.0,0,0,0.0,0.0,1,2908.2,1
6753,15,0.0,0.0,0,0,0.0,0.0,2,9746.8,1
6764,19,0.0,0.0,0,0,0.0,0.0,1,3697.8,1
6789,57,2463878.7000000007,0.0,156,156,83016.0,12950496.0,156,718551.600000001,1
7127,3,462570.99999999994,0.0,32,32,65184.0,2085888.0,32,173833.59999999995,1
7186,27,0.0,0.0,0,0,0.0,0.0,2,6325.0,1
7195,50,0.0,0.0,0,0,0.0,0.0,5,15565.3,1
7286,47,400.0,0.0,1,1,28248.0,28248.0,1,1177.0,1
7325,24,0.0,0.0,0,0,0.0,0.0,2,15964.0,1
7422,74,0.0,0.0,0,0,0.0,0.0,2,10337.0,1
7434,34,0.0,0.0,0,0,0.0,0.0,2,14688.2,1
7567,5,0.0,0.0,0,0,0.0,0.0,2,10913.5,1
7576,38,59904.3,0.0,4,4,87360.0,349440.0,4,14558.0,1
7672,26,0.0,0.0,0,0,0.0,0.0,3,7902.0,1
7683,12,12656.7,0.0,3,3,17508.0,52524.0,3,4377.0,1
7796,50,0.0,0.0,0,0,0.0,0.0,1,4192.5,1
7855,7,0.0,0.0,0,0,0.0,0.0,1,3207.8,1
7862,74,0.0,0.0,0,0,0.0,0.0,1,3207.8,1
7959,1,0.0,0.0,0,0,0.0,0.0,2,17265.7,1
8030,1,0.0,0.0,0,0,0.0,0.0,1,1671.0,1
8342,76,0.0,0.0,0,0,0.0,0.0,1,2391.5,1
8359,74,0.0,0.0,0,0,0.0,0.0,2,8644.5,1
8366,41,0.0,0.0,0,0,0.0,0.0,1,1081.0,1
8392,36,0.0,0.0,0,0,0.0,0.0,2,18471.0,1
8502,51,0.0,0.0,0,0,0.0,0.0,1,6015.3,1
8636,71,0.0,0.0,0,0,0.0,0.0,1,2062.0,1
9276,4,0.0,0.0,0,0,0.0,0.0,3,14400.9,1
9427,62,0.0,0.0,0,0,0.0,0.0,1,6678.7,1
9457,46,0.0,0.0,0,0,0.0,0.0,2,17524.0,1
9555,13,0.0,0.0,0,0,0.0,0.0,1,3788.3,1
9569,19,0.0,0.0,0,0,0.0,0.0,1,5836.0,1
9582,2,0.0,0.0,0,0,0.0,0.0,2,12313.8,1
9593,74,891350.7999999998,0.0,52,52,51696.0,2688192.0,52,111997.6000000001,1
9641,64,0.0,0.0,0,0,0.0,0.0,1,6202.0,1
9717,52,0.0,0.0,0,0,0.0,0.0,1,6010.2,1
9721,34,0.0,0.0,0,0,0.0,0.0,5,9564.0,1
9760,27,0.0,0.0,0,0,0.0,0.0,3,11738.7,1
9833,51,0.0,0.0,0,0,0.0,0.0,3,15794.0,1
9914,36,0.0,0.0,0,0,0.0,0.0,1,3563.0,1
9929,47,0.0,0.0,0,0,0.0,0.0,2,6709.0,1
9930,9,0.0,0.0,0,0,0.0,0.0,4,8815.5,1
9933,74,0.0,0.0,0,0,0.0,0.0,1,3900.5,1
10040,37,0.0,0.0,0,0,0.0,0.0,2,14799.8,1
10043,45,103681.0,0.0,12,12,74736.0,896832.0,12,49560.0,1
10095,1,54840.0,0.0,3,3,80340.0,241020.0,3,20085.0,1
10145,4,0.0,0.0,0,0,0.0,0.0,1,1280.0,1
10198,31,356895.89999999997,0.0,18,18,224604.0,4042872.0,18,112305.59999999996,1
10282,1,0.0,0.0,0,0,0.0,0.0,3,11804.2,1
10479,2,0.0,0.0,0,0,0.0,0.0,2,5834.0,1
10528,47,0.0,0.0,0,0,0.0,0.0,1,3626.0,1
10543,14,0.0,0.0,0,0,0.0,0.0,1,4806.5,1
10636,64,0.0,0.0,0,0,0.0,0.0,2,10121.8,1
10798,1,0.0,0.0,0,0,0.0,0.0,1,1562.1,1
11004,63,0.0,0.0,0,0,0.0,0.0,3,11147.7,1
11195,58,142723.80000000002,0.0,21,21,189300.0,3975300.0,21,49581.0,1
11371,37,0.0,0.0,0,0,0.0,0.0,1,1735.0,1
11409,32,1002099.6000000001,0.0,87,87,39576.0,3443112.0,87,487440.69999999966,1
11497,11,0.0,0.0,0,0,0.0,0.0,1,2172.0,1
11545,1,0.0,0.0,0,0,0.0,0.0,3,10905.0,1
11596,70,0.0,0.0,0,0,0.0,0.0,3,10425.5,1
11683,7,0.0,0.0,0,0,0.0,0.0,4,12519.0,1
11701,9,0.0,0.0,0,0,0.0,0.0,1,5688.0,1
12050,52,0.0,0.0,0,0,0.0,0.0,4,15482.0,1
12079,64,0.0,0.0,0,0,0.0,0.0,1,8013.7,1
12133,27,0.0,0.0,0,0,0.0,0.0,4,8259.5,1
12144,2,2700.0,0.0,3,3,331560.0,994680.0,3,13911.0,1
12328,1,0.0,0.0,0,0,0.0,0.0,3,16324.7,1
12378,76,0.0,0.0,0,0,0.0,0.0,1,6483.7,1
12396,62,494845.10000000003,0.0,27,27,167100.0,4511700.0,27,75189.60000000003,1
12599,44,0.0,0.0,0,0,0.0,0.0,1,3151.3,1
12662,14,0.0,0.0,0,0,0.0,0.0,2,18673.0,1
12750,21,0.0,0.0,0,0,0.0,0.0,1,7240.0,1
12802,1,0.0,0.0,0,0,0.0,0.0,5,7595.0,1
12810,39,0.0,0.0,0,0,0.0,0.0,5,20024.0,1
12843,66,0.0,0.0,0,0,0.0,0.0,2,16449.0,1
12850,72,0.0,0.0,0,0,0.0,0.0,2,5185.0,1
12943,55,0.0,0.0,0,0,0.0,0.0,1,6959.8,1
13051,55,0.0,0.0,0,0,0.0,0.0,1,5204.2,1
13089,16,0.0,0.0,0,0,0.0,0.0,2,18551.7,1
13095,76,0.0,0.0,0,0,0.0,0.0,2,14444.0,1
13113,11,0.0,0.0,0,0,0.0,0.0,3,21322.2,1
13134,1,0.0,0.0,0,0,0.0,0.0,2,14911.8,1
13201,31,790923.0000000001,0.0,54,54,115992.0,6263568.0,54,206091.0,1
13405,32,0.0,0.0,0,0,0.0,0.0,3,5811.0,1
13468,25,0.0,0.0,0,0,0.0,0.0,1,312.0,1
13539,63,1534074.9000000004,0.0,78,78,274740.0,21429720.0,78,385684.0,1
13576,72,0.0,0.0,0,0,0.0,0.0,2,14467.8,1
13620,16,0.0,0.0,0,0,0.0,0.0,1,8191.5,1
13690,70,0.0,0.0,0,0,0.0,0.0,1,3744.7,1
13694,1,0.0,0.0,0,0,0.0,0.0,1,3744.7,1
13750,12,0.0,0.0,0,0,0.0,0.0,2,16351.2,1
13968,61,0.0,0.0,0,0,0.0,0.0,3,9274.3,1
